model,split,num_examples,sum_accuracy,avg_token_accuracy,avg_sum_margin,avg_token_margin,avg_chosen_sum_logp,avg_rejected_sum_logp,avg_chosen_token_logp,avg_rejected_token_logp,model_path,data_path
acdpo,eval_easy,1000,0.347,0.564,-67.90850212311744,0.14642592702805995,-216.9067708582878,-148.99826873517037,-2.7339214316010474,-2.8803473586291073,./results/acdpo/final_model,./data/eval_easy.jsonl
acdpo,eval_hard,1000,0.518,0.526,4.899598240852356,0.058913263365626335,-167.16347468996048,-172.06307293081284,-2.5893990476280453,-2.6483123109936715,./results/acdpo/final_model,./data/eval_hard.jsonl
acdpo,eval_all,2000,0.4325,0.545,-31.504451941132544,0.10266959519684314,-192.03512277412415,-160.5306708329916,-2.6616602396145463,-2.7643298348113894,./results/acdpo/final_model,./data/eval_all.jsonl
baseline_r64,eval_easy,1000,0.354,0.589,-63.927719258785245,0.23614440253376962,-212.12894500350953,-148.20122574472427,-2.679903957605362,-2.9160483601391314,./results/baseline_r64/final_model,./data/eval_easy.jsonl
baseline_r64,eval_hard,1000,0.516,0.521,4.439970716834068,0.049926530674099925,-165.7069288611412,-170.14689957797526,-2.599848493605852,-2.6497750242799523,./results/baseline_r64/final_model,./data/eval_hard.jsonl
baseline_r64,eval_all,2000,0.435,0.555,-29.74387427097559,0.14303546660393476,-188.91793693232538,-159.17406266134978,-2.639876225605607,-2.7829116922095416,./results/baseline_r64/final_model,./data/eval_all.jsonl
